"OWNERID","EMAIL","sum_AMOUNT","sum_REVENUE","mindate_CLOSEDATEFULL","maxdate_CLOSEDATEFULL"
"6575","kslevinj3@examplecompany.com","169","25350","07-10-2020","07-10-2020"
"3627","wziemenslc@examplecompany.com","76","11400","03-21-2020","03-21-2020"
"2534","wmiguelec@examplecompany.com","137","20550","08-11-2020","08-11-2020"
"4293","menzley45@examplecompany.com","604","90600","03-16-2020","09-26-2020"
"1684","dbodleighmd@examplecompany.com","77","11550","11-10-2020","11-10-2020"
"4211","obrushneen44@examplecompany.com","16","2400","05-11-2020","05-11-2020"
"5022","broydonnp@examplecompany.com","150","22500","04-08-2020","04-08-2020"
"1778","eteresim0@examplecompany.com","149","22350","07-01-2020","07-01-2020"
"3070","galud0@examplecompany.com","31","4650","04-14-2020","04-14-2020"
"8619","lschimmangnm@examplecompany.com","268","40200","05-25-2020","05-25-2020"
"4276","bgrimblebycn@examplecompany.com","289","43350","04-15-2020","04-15-2020"
"9537","awincklesdn@examplecompany.com","265","39750","03-20-2020","03-20-2020"
"8154","jhaynesford1k@examplecompany.com","29","4350","09-14-2020","09-14-2020"
"6133","aplackstone17@examplecompany.com","583","87450","12-10-2019","05-30-2020"
"4797","bjennerylr@examplecompany.com","32","4800","06-10-2020","06-10-2020"
"4294","gmcgilmartinof@examplecompany.com","37","5550","03-05-2020","03-05-2020"
"4080","nmcgiffief9@examplecompany.com","254","38100","11-21-2019","11-21-2019"
"9385","lcorterb@examplecompany.com","150","22500","04-01-2020","04-01-2020"
"6053","cphytheank2@examplecompany.com","97","14550","06-04-2020","06-04-2020"
"1516","msteedmanhr@examplecompany.com","42","6300","05-06-2020","05-06-2020"
"2511","kfedder47@examplecompany.com","1","150","03-21-2020","03-21-2020"
"7615","tdredge7v@examplecompany.com","275","41250","10-08-2020","10-08-2020"
"5066","mtaceybz@examplecompany.com","309","46350","06-02-2020","06-02-2020"
"5363","kcreenan3n@examplecompany.com","330","49500","06-09-2020","06-09-2020"
"8014","aderuggero1w@examplecompany.com","80","12000","10-15-2020","10-15-2020"
"9057","egreystoke22@examplecompany.com","329","49350","12-21-2019","12-21-2019"
"6055","fhogsdenj2@examplecompany.com","308","46200","08-03-2020","08-03-2020"
"6732","lmordonme@examplecompany.com","207","31050","11-17-2020","11-17-2020"
"8525","jbulcock6a@examplecompany.com","152","22800","09-17-2020","09-17-2020"
"9374","wskyme53@examplecompany.com","143","21450","08-26-2020","08-26-2020"
"5009","dchasneyjo@examplecompany.com","51","7650","08-28-2020","08-28-2020"
"6619","rivashnikov2l@examplecompany.com","340","51000","05-07-2020","05-07-2020"
"3204","rmiskellya3@examplecompany.com","55","8250","07-17-2020","07-17-2020"
"2283","apitwayhy@examplecompany.com","32","4800","06-23-2020","06-23-2020"
"6389","ccopellip3@examplecompany.com","36","5400","08-13-2020","08-13-2020"
"3537","detchellsbd@examplecompany.com","331","49650","03-23-2020","03-23-2020"
"2514","aharrowingno@examplecompany.com","5","750","04-13-2020","04-13-2020"
"3281","chaggataq4@examplecompany.com","166","24900","01-11-2020","01-11-2020"
"7644","chedley8e@examplecompany.com","185","27750","12-25-2019","12-25-2019"
"4960","tdumpera1@examplecompany.com","348","52200","02-08-2020","02-08-2020"
"6940","mmuggq6@examplecompany.com","93","13950","03-26-2020","03-26-2020"
"3915","lmcdonogh29@examplecompany.com","263","39450","03-11-2020","03-11-2020"
"6451","btuxilll5@examplecompany.com","187","28050","01-03-2020","01-03-2020"
"4157","salldrei8@examplecompany.com","209","31350","05-01-2020","05-01-2020"
"9920","mgerrard3u@examplecompany.com","55","8250","05-22-2020","05-22-2020"
"4054","hcanterobq@examplecompany.com","346","51900","05-25-2020","05-25-2020"
"9283","dsalvadore4u@examplecompany.com","339","50850","05-10-2020","05-10-2020"
"4672","mroastch@examplecompany.com","233","34950","12-24-2019","12-24-2019"
"3787","bfiennes9m@examplecompany.com","447","67050","02-24-2020","06-17-2020"
"3957","pbeisleybl@examplecompany.com","14","2100","12-04-2019","12-04-2019"
"3278","jmacvayl4@examplecompany.com","292","43800","12-03-2019","12-03-2019"
"5756","lmuffett9k@examplecompany.com","157","23550","04-19-2020","04-19-2020"
"7929","acomrie8t@examplecompany.com","206","30900","03-23-2020","03-24-2020"
"3614","jbostockdc@examplecompany.com","304","45600","10-04-2020","10-04-2020"
"4396","hdeambrosim6@examplecompany.com","133","19950","06-01-2020","06-01-2020"
"8075","ggiovannardibt@examplecompany.com","515","77250","03-21-2020","11-16-2020"
"7984","vstancermm@examplecompany.com","318","47700","12-17-2019","12-17-2019"
"7078","cdanaz@examplecompany.com","80","12000","11-01-2020","11-01-2020"
"4543","cguysoq@examplecompany.com","127","19050","01-18-2020","01-18-2020"
"5673","rgovesmz@examplecompany.com","152","22800","01-22-2020","01-22-2020"
"5324","kgrettong7@examplecompany.com","266","39900","10-14-2020","10-14-2020"
"1370","rmacarthur9o@examplecompany.com","92","13800","06-20-2020","06-20-2020"
"5323","kdeacockn4@examplecompany.com","15","2250","04-07-2020","04-07-2020"
"6058","isauljm@examplecompany.com","285","42750","06-26-2020","06-26-2020"
"7343","sbuggegc@examplecompany.com","125","18750","05-29-2020","05-29-2020"
"7812","klockwoodmk@examplecompany.com","170","25500","05-24-2020","05-24-2020"
"3903","pmaynardbe@examplecompany.com","268","40200","06-09-2020","06-09-2020"
"7095","bdowers7f@examplecompany.com","266","39900","09-30-2020","09-30-2020"
"9695","jkelsofk@examplecompany.com","59","8850","03-01-2020","03-01-2020"
"3569","fchidzoy1h@examplecompany.com","18","2700","07-03-2020","07-03-2020"
"2664","gskokoem1@examplecompany.com","189","28350","07-07-2020","07-07-2020"
"9043","ctrayling3l@examplecompany.com","56","8400","08-02-2020","08-02-2020"
"6787","cearpei@examplecompany.com","388","58200","05-16-2020","09-01-2020"
"6316","ecurzeygx@examplecompany.com","203","30450","05-08-2020","05-08-2020"
"5442","bparlotom@examplecompany.com","290","43500","01-09-2020","01-09-2020"
"5895","qwhiley8b@examplecompany.com","32","4800","03-18-2020","03-18-2020"
"4220","xatwell8p@examplecompany.com","137","20550","04-03-2020","09-19-2020"
"5955","lbedhamj4@examplecompany.com","35","5250","04-27-2020","04-27-2020"
"9361","mbarthela8@examplecompany.com","224","33600","05-18-2020","05-18-2020"
"6752","tgaliford1x@examplecompany.com","188","28200","09-05-2020","09-05-2020"
"7817","vcanizaresih@examplecompany.com","260","39000","05-26-2020","05-26-2020"
"9819","ccampionh5@examplecompany.com","232","34800","03-13-2020","03-13-2020"
"1256","zraddanbj@examplecompany.com","22","3300","04-13-2020","04-13-2020"
"9458","kfrie35@examplecompany.com","257","38550","06-11-2020","06-11-2020"
"9622","rpilipyakfl@examplecompany.com","207","31050","06-17-2020","06-17-2020"
"9669","dashington39@examplecompany.com","180","27000","11-29-2020","11-29-2020"
"3985","cdreganhc@examplecompany.com","161","24150","08-18-2020","08-18-2020"
"3343","gkentondl@examplecompany.com","217","32550","08-25-2020","08-25-2020"
"8583","blabro13@examplecompany.com","374","56100","06-26-2020","08-31-2020"
"4388","soxerk0@examplecompany.com","333","49950","07-14-2020","07-14-2020"
"8700","bnorwoodq9@examplecompany.com","199","29850","07-04-2020","07-04-2020"
"5187","ihuikerbyie@examplecompany.com","169","25350","12-29-2019","12-29-2019"
"3643","ekupis3a@examplecompany.com","19","2850","05-12-2020","05-12-2020"
"8486","gpercifer2g@examplecompany.com","184","27600","03-12-2020","04-09-2020"
"2732","esermanhi@examplecompany.com","175","26250","04-09-2020","04-09-2020"
"4786","hfuzzensep@examplecompany.com","96","14400","07-01-2020","07-01-2020"
"8857","btyreman1a@examplecompany.com","350","52500","01-30-2020","09-13-2020"
"1114","frichienr@examplecompany.com","50","7500","04-30-2020","04-30-2020"
"8868","rlademanne8@examplecompany.com","141","21150","03-13-2020","03-13-2020"
"4340","dsutheran8g@examplecompany.com","241","36150","03-25-2020","08-23-2020"
"9923","flilledd@examplecompany.com","120","18000","09-05-2020","09-05-2020"
"4747","mempringhams@examplecompany.com","320","48000","12-13-2019","09-07-2020"
"5613","rbent1b@examplecompany.com","230","34500","07-30-2020","07-30-2020"
"5342","ellop4j@examplecompany.com","280","42000","04-17-2020","04-17-2020"
"4511","gkickn6@examplecompany.com","172","25800","01-10-2020","01-10-2020"
"4431","fsenussi3m@examplecompany.com","190","28500","02-15-2020","02-15-2020"
"9253","rposen2r@examplecompany.com","100","15000","03-22-2020","03-22-2020"
"3995","jmaliffebc@examplecompany.com","303","45450","02-21-2020","02-21-2020"
"2439","nbroadberryc7@examplecompany.com","2","300","07-05-2020","07-05-2020"
"7074","aissacov5@examplecompany.com","105","15750","02-13-2020","07-24-2020"
"2475","qaberchirdere3@examplecompany.com","209","31350","11-23-2020","11-23-2020"
"2183","pcominie4@examplecompany.com","274","41100","12-04-2019","06-25-2020"
"6635","mhaycox19@examplecompany.com","129","19350","10-07-2020","10-07-2020"
"4525","kohalligan32@examplecompany.com","350","52500","10-02-2020","10-02-2020"
"2827","radrianello2q@examplecompany.com","160","24000","01-05-2020","01-05-2020"
"5893","fgolsonf@examplecompany.com","319","47850","12-12-2019","12-12-2019"
"3517","gpeasnoneda@examplecompany.com","33","4950","05-18-2020","05-18-2020"
"7559","ckinnach14@examplecompany.com","26","3900","11-20-2020","11-20-2020"
"9376","pbarteletp5@examplecompany.com","337","50550","04-17-2020","04-17-2020"
"7163","cbrockmanj1@examplecompany.com","263","39450","07-29-2020","07-29-2020"
"8644","mbredekj@examplecompany.com","263","39450","06-18-2020","06-18-2020"
"8474","okingette6@examplecompany.com","335","50250","08-22-2020","08-22-2020"
"9907","adoolerga@examplecompany.com","41","6150","06-21-2020","06-21-2020"
"7422","wdarbeyh1@examplecompany.com","109","16350","01-06-2020","01-06-2020"
"7616","vinns70@examplecompany.com","271","40650","04-18-2020","04-18-2020"
"5375","aastonna@examplecompany.com","158","23700","01-08-2020","01-08-2020"
"5900","btometnc@examplecompany.com","285","42750","08-30-2020","08-30-2020"
"7486","eroddie4a@examplecompany.com","180","27000","09-19-2020","09-19-2020"
"5494","csteggles3f@examplecompany.com","339","50850","03-13-2020","03-13-2020"
"3474","plownjs@examplecompany.com","344","51600","05-07-2020","05-07-2020"
"2075","gdorkingiw@examplecompany.com","350","52500","04-03-2020","04-03-2020"
"8704","praubenheimersf0@examplecompany.com","135","20250","03-14-2020","03-14-2020"
"1160","mdevennieck@examplecompany.com","84","12600","11-26-2019","11-26-2019"
"7859","jspaxmanjc@examplecompany.com","61","9150","03-25-2020","03-25-2020"
"1477","kfellgattkh@examplecompany.com","111","16650","06-19-2020","06-19-2020"
"2697","kolin9g@examplecompany.com","290","43500","03-05-2020","03-05-2020"
"4756","dpaschke20@examplecompany.com","18","2700","05-04-2020","05-04-2020"
"7001","gwadwell6k@examplecompany.com","259","38850","12-30-2019","12-30-2019"
"3742","gmealen9@examplecompany.com","189","28350","04-18-2020","04-18-2020"
"7808","chedneyl@examplecompany.com","120","18000","04-18-2020","04-18-2020"
"2004","reagletonax@examplecompany.com","45","6750","05-04-2020","05-04-2020"
"5014","gcumpsty95@examplecompany.com","48","7200","07-03-2020","07-03-2020"
"6961","esindallq2@examplecompany.com","238","35700","05-18-2020","05-18-2020"
"6581","twoolandii@examplecompany.com","14","2100","08-22-2020","08-22-2020"
"3030","ahebronji@examplecompany.com","8","1200","05-31-2020","05-31-2020"
"8718","ocotman41@examplecompany.com","282","42300","01-12-2020","01-12-2020"
"8786","tgorckec4@examplecompany.com","240","36000","05-21-2020","05-21-2020"
"1204","fbeggini8z@examplecompany.com","346","51900","06-24-2020","06-24-2020"
"3713","dbanfordhd@examplecompany.com","321","48150","06-22-2020","06-22-2020"
"4660","santognozzii6l@examplecompany.com","491","73650","04-11-2020","09-07-2020"
"4125","bhailesok@examplecompany.com","138","20700","06-24-2020","06-24-2020"
"5698","wbrynsox@examplecompany.com","223","33450","11-29-2020","11-29-2020"
"5315","fjewess69@examplecompany.com","324","48600","11-14-2020","11-14-2020"
"1321","ntrebble2f@examplecompany.com","61","9150","08-02-2020","08-02-2020"
"4194","lfarrowjn@examplecompany.com","77","11550","08-11-2020","08-11-2020"
"2139","ghukinjg@examplecompany.com","52","7800","05-01-2020","05-01-2020"
"9259","ltytcombff@examplecompany.com","345","51750","02-01-2020","04-28-2020"
"4151","hkefordnx@examplecompany.com","67","10050","04-01-2020","04-01-2020"
"6666","jbravingtonq3@examplecompany.com","150","22500","09-07-2020","09-07-2020"
"8606","mhartwright5b@examplecompany.com","198","29700","01-04-2020","01-04-2020"
"5226","egillmor33@examplecompany.com","26","3900","11-25-2019","11-25-2019"
"8756","smcrillh@examplecompany.com","337","50550","03-07-2020","03-07-2020"
"7622","jweedsm@examplecompany.com","323","48450","02-06-2020","02-07-2020"
"8988","rjeffreys2x@examplecompany.com","4","600","04-26-2020","04-26-2020"
"2038","ckeppel6j@examplecompany.com","339","50850","12-28-2019","12-28-2019"
"8925","socalleran3d@examplecompany.com","341","51150","04-14-2020","04-14-2020"
"1439","lsalvador7i@examplecompany.com","317","47550","07-17-2020","07-17-2020"
"9271","elutwyche76@examplecompany.com","121","18150","04-21-2020","04-21-2020"
"3695","lsyder59@examplecompany.com","231","34650","06-17-2020","06-17-2020"
"3752","mgroveham6z@examplecompany.com","128","19200","05-12-2020","05-12-2020"
"9756","kknaggs7e@examplecompany.com","1","150","03-24-2020","03-24-2020"
"2938","cscogginsl1@examplecompany.com","20","3000","12-22-2019","12-22-2019"
"2039","mkernockig@examplecompany.com","293","43950","08-30-2020","08-30-2020"
"8677","wbundeymj@examplecompany.com","53","7950","05-13-2020","05-13-2020"
"6186","sszwarckw@examplecompany.com","300","45000","01-20-2020","01-20-2020"
"4097","ncostelloelp@examplecompany.com","10","1500","07-24-2020","07-24-2020"
"3945","tdjuricic6t@examplecompany.com","318","47700","09-12-2020","09-12-2020"
"2373","gdufourent@examplecompany.com","117","17550","11-03-2020","11-03-2020"
"3284","kscholtell@examplecompany.com","149","22350","07-01-2020","07-01-2020"
"8746","jvonhelmholtzmx@examplecompany.com","97","14550","08-12-2020","08-12-2020"
"3392","fsaltersmu@examplecompany.com","274","41100","01-09-2020","01-09-2020"
"3136","rmacconnechie1m@examplecompany.com","74","11100","06-13-2020","06-13-2020"
"2832","cgummery23@examplecompany.com","188","28200","05-18-2020","05-18-2020"
"7763","ilornehz@examplecompany.com","276","41400","08-10-2020","08-10-2020"
"7434","apelfer12@examplecompany.com","248","37200","06-20-2020","06-20-2020"
"5635","mtrahar9p@examplecompany.com","123","18450","02-06-2020","02-06-2020"
"4679","mthowlesshe@examplecompany.com","52","7800","04-17-2020","04-17-2020"
"3825","vkippingpc@examplecompany.com","141","21150","05-02-2020","05-02-2020"
"5913","jlarimer4r@examplecompany.com","339","50850","01-26-2020","01-26-2020"
"5653","jspallsq1@examplecompany.com","289","43350","03-26-2020","03-26-2020"
"4005","efullstoneib@examplecompany.com","462","69300","03-23-2020","10-15-2020"
"6409","bgrottyab@examplecompany.com","65","9750","04-15-2020","04-15-2020"
"7674","pivanishin57@examplecompany.com","315","47250","05-16-2020","05-16-2020"
"2497","twhittleseyki@examplecompany.com","255","38250","06-17-2020","06-17-2020"
"4318","rrabley92@examplecompany.com","48","7200","11-16-2019","11-16-2019"
"6820","oaldreniy@examplecompany.com","222","33300","07-02-2020","07-02-2020"
"3574","gwoolastonid@examplecompany.com","343","51450","11-25-2020","11-25-2020"
"1931","mingledow3i@examplecompany.com","157","23550","07-27-2020","07-27-2020"
"2873","aturnergg@examplecompany.com","173","25950","11-03-2020","11-03-2020"
"9713","ebrauntonoy@examplecompany.com","25","3750","08-18-2020","08-18-2020"
"7647","kparsandaq@examplecompany.com","509","76350","04-24-2020","11-25-2020"
"8456","mdonkev@examplecompany.com","77","11550","09-09-2020","09-09-2020"
"6637","slackyhf@examplecompany.com","74","11100","08-23-2020","08-23-2020"
"9804","fbysouthi9@examplecompany.com","208","31200","07-16-2020","07-16-2020"
"6174","gbomba6@examplecompany.com","179","26850","01-30-2020","01-30-2020"
"2661","hlornsenc@examplecompany.com","215","32250","11-27-2020","11-27-2020"
"9904","kpietersenp1@examplecompany.com","340","51000","02-12-2020","02-12-2020"
"7479","ebuckbyhx@examplecompany.com","335","50250","02-23-2020","02-23-2020"
"9462","mlicarid2@examplecompany.com","344","51600","11-29-2020","11-29-2020"
"2527","mmagillpn@examplecompany.com","211","31650","06-05-2020","06-05-2020"
"4682","llynas3s@examplecompany.com","162","24300","03-16-2020","03-16-2020"
"6069","ikemmis42@examplecompany.com","288","43200","01-29-2020","08-11-2020"
"5907","waudritt2p@examplecompany.com","245","36750","07-06-2020","07-06-2020"
"9066","nvereo6@examplecompany.com","190","28500","07-21-2020","07-21-2020"
"3588","uhartwrightoj@examplecompany.com","125","18750","11-22-2020","11-22-2020"
"9870","mfrankeeb@examplecompany.com","20","3000","11-01-2020","11-01-2020"
"3781","gcapaldic2@examplecompany.com","478","71700","03-07-2020","09-04-2020"
"4022","jdaldrylg@examplecompany.com","343","51450","09-04-2020","09-04-2020"
"2676","atrousdellpt@examplecompany.com","72","10800","10-11-2020","10-11-2020"
"3322","nditzelgh@examplecompany.com","58","8700","05-09-2020","05-09-2020"
"4079","wteagerx@examplecompany.com","234","35100","05-21-2020","05-21-2020"
"3263","lgildingl8@examplecompany.com","92","13800","04-17-2020","04-17-2020"
"5143","chathawaybw@examplecompany.com","164","24600","04-25-2020","04-25-2020"
"5960","cchazettefc@examplecompany.com","239","35850","03-10-2020","03-10-2020"
"1906","tgethyn71@examplecompany.com","309","46350","01-20-2020","05-03-2020"
"5933","mtabererhl@examplecompany.com","8","1200","01-23-2020","01-23-2020"
"6432","fproschekaa@examplecompany.com","365","54750","04-19-2020","08-27-2020"
"7472","rhuettgy@examplecompany.com","252","37800","05-14-2020","05-14-2020"
"8377","mbootsmr@examplecompany.com","153","22950","04-22-2020","04-22-2020"
"1292","jtempletoncb@examplecompany.com","264","39600","07-25-2020","07-25-2020"
"5834","bebdinae@examplecompany.com","200","30000","05-19-2020","05-19-2020"
"8635","ctoulchdv@examplecompany.com","86","12900","03-26-2020","03-26-2020"
"9268","ecortez7b@examplecompany.com","170","25500","04-17-2020","04-17-2020"
"1894","mgullefordfv@examplecompany.com","149","22350","06-08-2020","06-08-2020"
"4681","dschultzemo@examplecompany.com","87","13050","02-13-2020","02-13-2020"
"3830","kdillawaynz@examplecompany.com","107","16050","08-31-2020","08-31-2020"
"6758","tspontonem@examplecompany.com","12","1800","06-19-2020","06-19-2020"
"6004","byockneyic@examplecompany.com","305","45750","08-21-2020","08-21-2020"
"1481","cbeterissex@examplecompany.com","339","50850","06-12-2020","06-12-2020"
"7510","wmorpheykg@examplecompany.com","198","29700","04-02-2020","04-02-2020"
"5113","chartburnu@examplecompany.com","23","3450","11-15-2019","11-15-2019"
"8425","rgillett78@examplecompany.com","151","22650","08-10-2020","08-10-2020"
"1448","bmacbey1t@examplecompany.com","258","38700","11-22-2019","11-22-2019"
"2182","jadlamd@examplecompany.com","6","900","11-06-2019","11-06-2019"
"2013","pleithl2@examplecompany.com","219","32850","04-29-2020","04-29-2020"
"9822","ffantinia9@examplecompany.com","21","3150","03-02-2020","03-02-2020"
"7391","mhydeshv@examplecompany.com","292","43800","08-30-2020","08-30-2020"
"1905","rsherrumbu@examplecompany.com","340","51000","04-21-2020","04-21-2020"
"6039","mhaddeston5s@examplecompany.com","126","18900","09-15-2020","09-15-2020"
"3956","rcrookallgm@examplecompany.com","162","24300","01-29-2020","01-29-2020"
"1675","adaniellsfh@examplecompany.com","229","34350","09-25-2020","09-25-2020"
"7844","mchatellny@examplecompany.com","301","45150","11-24-2019","11-24-2019"
"1881","ogallegosly@examplecompany.com","311","46650","02-24-2020","02-24-2020"
"1203","ckelbererkb@examplecompany.com","47","7050","11-15-2019","11-15-2019"
"3757","obowerydo@examplecompany.com","265","39750","11-20-2019","11-20-2019"
"8874","gdoolandjf@examplecompany.com","54","8100","11-18-2019","11-18-2019"
"2306","sdeavall9c@examplecompany.com","350","52500","11-30-2019","11-30-2019"
"1358","itrumanp2@examplecompany.com","253","37950","11-09-2019","11-09-2019"
"5941","nwoodyer3q@examplecompany.com","110","16500","01-31-2020","01-31-2020"
"2411","wcrichmerece@examplecompany.com","58","8700","03-07-2020","03-07-2020"
"9729","bashtonhurstf2@examplecompany.com","73","10950","12-29-2019","12-29-2019"
"2142","egherardelli75@examplecompany.com","488","73200","11-09-2019","07-29-2020"
"6367","csiward5a@examplecompany.com","218","32700","07-26-2020","07-26-2020"
"2671","spallisle@examplecompany.com","236","35400","03-08-2020","03-08-2020"
"5967","gpelmany@examplecompany.com","242","36300","06-18-2020","06-18-2020"
"7908","tfawlks1e@examplecompany.com","166","24900","10-18-2020","10-18-2020"
"7110","pvelten7r@examplecompany.com","333","49950","05-17-2020","05-17-2020"
"1184","nhayneb6@examplecompany.com","150","22500","01-09-2020","01-09-2020"
"4852","jemmattfa@examplecompany.com","212","31800","05-29-2020","05-29-2020"
"4570","fmowlammh@examplecompany.com","326","48900","08-02-2020","08-02-2020"
"8574","gsheppey6@examplecompany.com","219","32850","04-01-2020","04-01-2020"
"5622","tfuncheonnf@examplecompany.com","42","6300","05-17-2020","05-17-2020"
"8915","ptrineman5q@examplecompany.com","618","92700","11-11-2019","06-30-2020"
"7063","mcorradil7@examplecompany.com","186","27900","07-08-2020","07-08-2020"
"3173","kwhitebreadop@examplecompany.com","40","6000","05-28-2020","05-28-2020"
"2082","acockaynedu@examplecompany.com","32","4800","11-20-2020","11-20-2020"
"7520","lpeacham3k@examplecompany.com","213","31950","08-15-2020","08-15-2020"
"9575","flafrentz66@examplecompany.com","131","19650","11-17-2019","08-03-2020"
"6924","cbulbeckcu@examplecompany.com","196","29400","01-28-2020","01-28-2020"
"1626","dbewfielden@examplecompany.com","323","48450","01-23-2020","01-23-2020"
"8180","asilby90@examplecompany.com","302","45300","02-26-2020","02-26-2020"
"7906","lpodmoreay@examplecompany.com","128","19200","11-29-2020","11-29-2020"
"1414","msperski6m@examplecompany.com","213","31950","11-12-2019","11-12-2019"
"2817","cfruish58@examplecompany.com","26","3900","06-05-2020","06-05-2020"
"3470","rmallingnv@examplecompany.com","168","25200","08-29-2020","08-29-2020"
"3006","mbembriggpb@examplecompany.com","85","12750","04-11-2020","04-11-2020"
"2043","floggie54@examplecompany.com","83","12450","07-31-2020","07-31-2020"
"4813","ncrockng@examplecompany.com","140","21000","08-07-2020","08-07-2020"
"3029","jkarpushkin9x@examplecompany.com","264","39600","08-14-2020","08-14-2020"
"5027","wbradshaw3z@examplecompany.com","166","24900","10-19-2020","10-19-2020"
"6003","lmonsonba@examplecompany.com","199","29850","08-31-2020","08-31-2020"
"6480","bsmithendq@examplecompany.com","32","4800","09-21-2020","09-21-2020"
"3446","krichmontlk@examplecompany.com","215","32250","06-05-2020","06-05-2020"
"8405","opinnockegr@examplecompany.com","163","24450","01-03-2020","01-03-2020"
"2458","skenwrightlz@examplecompany.com","58","8700","05-09-2020","05-09-2020"
"5416","cnollethi@examplecompany.com","116","17400","12-07-2019","12-07-2019"
"6146","lbautiste8m@examplecompany.com","213","31950","05-18-2020","05-18-2020"
"5815","btonn64@examplecompany.com","207","31050","11-10-2020","11-10-2020"
"8801","mknightsbridgeoi@examplecompany.com","73","10950","07-29-2020","07-29-2020"
"4644","mbrettoner5o@examplecompany.com","221","33150","05-28-2020","05-28-2020"
"2073","sborsiee@examplecompany.com","236","35400","07-25-2020","07-25-2020"
"3037","bhambidge3@examplecompany.com","347","52050","06-23-2020","06-23-2020"
"9972","glippi2@examplecompany.com","29","4350","06-05-2020","06-05-2020"
"1153","ccleeve3p@examplecompany.com","77","11550","05-02-2020","06-03-2020"
"2226","cdaynehu@examplecompany.com","82","12300","08-08-2020","08-08-2020"
"1545","pdeighan4c@examplecompany.com","310","46500","04-10-2020","04-10-2020"
"6232","mibleah@examplecompany.com","247","37050","08-05-2020","08-05-2020"
"8451","rdetocquevillen@examplecompany.com","276","41400","11-18-2020","11-18-2020"
"8526","hkeareypj@examplecompany.com","68","10200","10-12-2020","10-12-2020"
"5544","byousonbn@examplecompany.com","345","51750","09-22-2020","09-22-2020"
"3789","aborrowmani4@examplecompany.com","281","42150","03-22-2020","03-22-2020"
"1622","akleinplatzo7@examplecompany.com","2","300","07-14-2020","07-14-2020"
"8804","agallemorehp@examplecompany.com","284","42600","08-27-2020","08-27-2020"
"9010","jredolfikt@examplecompany.com","46","6900","07-18-2020","07-18-2020"
"8016","vvuitteja@examplecompany.com","78","11700","07-31-2020","07-31-2020"
"8928","npickf4@examplecompany.com","243","36450","09-21-2020","09-21-2020"
"9128","ecastanyerav@examplecompany.com","328","49200","08-04-2020","08-04-2020"
"9614","rhinemoor6y@examplecompany.com","289","43350","05-11-2020","05-11-2020"
"3327","natheis4b@examplecompany.com","274","41100","06-30-2020","06-30-2020"
"7591","abottonerfj@examplecompany.com","289","43350","07-05-2020","07-05-2020"
"6234","kbinstead4w@examplecompany.com","124","18600","07-15-2020","07-15-2020"
"1499","pkiesseled@examplecompany.com","214","32100","04-09-2020","04-09-2020"
"5435","dlukianovich9e@examplecompany.com","301","45150","10-18-2020","10-18-2020"
"7281","dbleezejj@examplecompany.com","234","35100","05-28-2020","05-28-2020"
"9359","pstairsq7@examplecompany.com","248","37200","04-21-2020","04-21-2020"
"9222","rpaschekey@examplecompany.com","274","41100","08-08-2020","08-08-2020"
"3231","adilland8d@examplecompany.com","146","21900","11-28-2019","11-28-2019"
"9198","lrisendk@examplecompany.com","352","52800","01-18-2020","03-01-2020"
"1278","twittsbp@examplecompany.com","74","11100","03-16-2020","03-16-2020"
"9967","hcuradodg@examplecompany.com","186","27900","05-26-2020","05-26-2020"
"8694","adenidgeld@examplecompany.com","246","36900","08-05-2020","08-05-2020"
"1264","lplayfordcj@examplecompany.com","74","11100","05-31-2020","05-31-2020"
"6783","rhannaa2@examplecompany.com","344","51600","08-01-2020","08-01-2020"
"1592","jrobson9s@examplecompany.com","229","34350","09-15-2020","09-15-2020"
"2744","rburdasc0@examplecompany.com","112","16800","09-08-2020","09-08-2020"
"6719","lelijahbk@examplecompany.com","50","7500","09-09-2020","09-09-2020"
"1805","gbalthasaros@examplecompany.com","57","8550","06-12-2020","06-12-2020"
"4536","cdelacroixkf@examplecompany.com","331","49650","03-02-2020","03-02-2020"
"4367","tfreibergif@examplecompany.com","330","49500","02-05-2020","02-05-2020"
"3529","hdouris6b@examplecompany.com","328","49200","10-17-2020","10-17-2020"
"7680","lvannar9t@examplecompany.com","241","36150","05-29-2020","05-29-2020"
"5268","ltookeydh@examplecompany.com","113","16950","09-08-2020","09-08-2020"
"2712","gpetrushkevichms@examplecompany.com","280","42000","08-20-2020","08-20-2020"
"2121","cprestwich3t@examplecompany.com","75","11250","07-22-2020","07-22-2020"
"8241","sbrimmicombe55@examplecompany.com","243","36450","09-10-2020","09-10-2020"
"2277","mkryska61@examplecompany.com","314","47100","10-26-2020","10-26-2020"
"1127","acoombs5h@examplecompany.com","279","41850","08-12-2020","08-12-2020"
"5399","sstainland8o@examplecompany.com","220","33000","07-20-2020","07-20-2020"
"5604","nmonkley0@examplecompany.com","232","34800","05-21-2020","10-29-2020"
"6653","ngranleeseak@examplecompany.com","543","81450","03-28-2020","05-30-2020"
"2750","mmcquirkfq@examplecompany.com","12","1800","06-03-2020","06-03-2020"
"6611","ysijmons4k@examplecompany.com","326","48900","06-08-2020","06-08-2020"
"3149","ashimonhs@examplecompany.com","2","300","05-12-2020","05-12-2020"
"4478","nskeechog@examplecompany.com","82","12300","02-07-2020","02-07-2020"
"7027","rmactimpanyks@examplecompany.com","77","11550","12-29-2019","12-29-2019"
"8375","lcabralw@examplecompany.com","284","42600","01-10-2020","03-16-2020"
"8934","ebettamp0@examplecompany.com","344","51600","04-29-2020","04-29-2020"
"5312","ndanbi6u@examplecompany.com","101","15150","02-23-2020","02-23-2020"
"3857","tgendersfn@examplecompany.com","279","41850","07-29-2020","07-29-2020"
"8703","mespinazoeg@examplecompany.com","172","25800","07-04-2020","07-04-2020"
"8975","oourticpo@examplecompany.com","35","5250","11-09-2019","11-09-2019"
"2490","wfoxe5@examplecompany.com","307","46050","05-01-2020","05-01-2020"
"3398","jdorringtonov@examplecompany.com","183","27450","04-19-2020","04-19-2020"
"4798","ireddell7k@examplecompany.com","131","19650","06-04-2020","06-04-2020"
"9138","mkoppesi1@examplecompany.com","17","2550","05-13-2020","05-13-2020"
"3393","lbarwickfz@examplecompany.com","95","14250","05-14-2020","05-14-2020"
"1809","eseed6c@examplecompany.com","138","20700","05-14-2020","05-14-2020"
"8716","bbirnieh9@examplecompany.com","338","50700","07-08-2020","07-08-2020"
"2308","mturnl6@examplecompany.com","109","16350","05-30-2020","05-30-2020"
"7056","asumshon4n@examplecompany.com","199","29850","11-03-2020","11-03-2020"
"7083","kjevondy@examplecompany.com","13","1950","05-04-2020","05-04-2020"
"2225","wyitzhoko3@examplecompany.com","103","15450","02-06-2020","02-06-2020"
"5247","caustone1@examplecompany.com","331","49650","03-05-2020","03-05-2020"
"6661","pvaudrel3@examplecompany.com","550","82500","05-06-2020","07-22-2020"
"1568","ctreasaden9z@examplecompany.com","311","46650","09-10-2020","09-10-2020"
"2371","gfallowfieldaw@examplecompany.com","90","13500","06-18-2020","06-18-2020"
"3377","rpielegn@examplecompany.com","342","51300","08-17-2020","08-17-2020"
"8682","aricks5g@examplecompany.com","288","43200","06-28-2020","06-28-2020"
"9841","ecoultish4h@examplecompany.com","19","2850","07-04-2020","07-04-2020"
"1845","mwinckleat@examplecompany.com","183","27450","12-07-2019","12-07-2019"
"5832","cchristophersen6o@examplecompany.com","172","25800","09-11-2020","09-11-2020"
"9461","iphinnessy2s@examplecompany.com","447","67050","05-02-2020","10-06-2020"
"5077","adresse8h@examplecompany.com","347","52050","06-30-2020","06-30-2020"
"8809","aregitzj5@examplecompany.com","175","26250","12-26-2019","12-26-2019"
"6094","dhonatschco@examplecompany.com","71","10650","07-04-2020","07-04-2020"
"1883","tknibb2v@examplecompany.com","185","27750","10-11-2020","10-11-2020"
"5681","ofairpoo5@examplecompany.com","13","1950","05-19-2020","05-19-2020"
"7332","ogreiswood98@examplecompany.com","313","46950","10-11-2020","10-11-2020"
"7218","nrobilliardg5@examplecompany.com","14","2100","11-17-2019","11-17-2019"
"9397","tscrigmoura5@examplecompany.com","114","17100","02-07-2020","02-07-2020"
"2722","smathislj@examplecompany.com","214","32100","11-19-2019","11-19-2019"
"3229","osanchopw@examplecompany.com","281","42150","11-16-2019","11-16-2019"
"4241","nmoraisk3@examplecompany.com","295","44250","07-21-2020","07-21-2020"
"1563","scorleya@examplecompany.com","464","69600","03-23-2020","05-12-2020"
"5517","dabbotsc8@examplecompany.com","247","37050","05-06-2020","05-06-2020"
"4568","jkennedy6s@examplecompany.com","89","13350","09-24-2020","09-24-2020"
"3135","prosenkrantz6g@examplecompany.com","173","25950","04-18-2020","04-18-2020"
"4666","ltunmorekd@examplecompany.com","74","11100","03-12-2020","03-12-2020"
"9793","tgierekdz@examplecompany.com","62","9300","12-13-2019","12-13-2019"
"2077","ydearnlygu@examplecompany.com","267","40050","03-28-2020","03-28-2020"
"6246","nstrettonar@examplecompany.com","226","33900","03-30-2020","03-30-2020"
"1201","cblowers16@examplecompany.com","103","15450","11-20-2020","11-20-2020"
"4000","ckinnerley74@examplecompany.com","296","44400","04-22-2020","04-22-2020"
"2057","apatronif8@examplecompany.com","0","0","11-20-2019","11-20-2019"
"6143","njumonet8v@examplecompany.com","93","13950","06-09-2020","06-09-2020"
"8044","jharverson4e@examplecompany.com","256","38400","04-14-2020","04-14-2020"
"2528","shodjettsia@examplecompany.com","91","13650","08-28-2020","08-28-2020"
"6910","tliellnu@examplecompany.com","214","32100","09-22-2020","09-22-2020"
"9564","bcuckooge@examplecompany.com","212","31800","06-08-2020","06-08-2020"
"9809","alogesnl@examplecompany.com","34","5100","10-18-2020","10-18-2020"
"6959","sbestman9w@examplecompany.com","159","23850","03-13-2020","03-13-2020"
"1406","cbagnaljy@examplecompany.com","46","6900","11-07-2019","11-07-2019"
"3911","dreedekn@examplecompany.com","328","49200","04-17-2020","04-17-2020"
"5483","bmarielleh6@examplecompany.com","47","7050","11-08-2019","11-08-2019"
"4888","cmarrow5m@examplecompany.com","479","71850","12-10-2019","05-16-2020"
"2509","gbridgelandau@examplecompany.com","205","30750","11-10-2019","11-10-2019"
"1133","ghuntonmw@examplecompany.com","103","15450","01-14-2020","01-14-2020"
"3374","eissitbi@examplecompany.com","328","49200","02-27-2020","02-27-2020"
"9210","kchurn31@examplecompany.com","0","0","12-25-2019","12-25-2019"
"8060","mnockells6d@examplecompany.com","150","22500","12-02-2019","12-02-2019"
"3040","jdouldeng2@examplecompany.com","105","15750","01-28-2020","01-28-2020"
"9017","kdeblasi1l@examplecompany.com","155","23250","02-13-2020","02-13-2020"
"8584","kbarks4o@examplecompany.com","181","27150","02-12-2020","02-12-2020"
"9440","hdjakovic1p@examplecompany.com","161","24150","02-08-2020","02-08-2020"
"7177","dleggettqd@examplecompany.com","238","35700","05-04-2020","05-04-2020"
"7329","broutledge3o@examplecompany.com","318","47700","08-28-2020","08-28-2020"
"1694","nharkessbg@examplecompany.com","296","44400","07-08-2020","07-08-2020"
"6863","dcockshutc1@examplecompany.com","155","23250","10-05-2020","10-05-2020"
"6443","erosenberger4x@examplecompany.com","190","28500","09-19-2020","09-19-2020"
"6318","ckestevenol@examplecompany.com","308","46200","06-20-2020","06-20-2020"
"6072","daparkjr@examplecompany.com","112","16800","09-03-2020","09-03-2020"
"8183","fboundhn@examplecompany.com","310","46500","01-07-2020","01-07-2020"
"2213","jmersey7o@examplecompany.com","237","35550","08-21-2020","08-21-2020"
"1367","dreignoldsas@examplecompany.com","219","32850","07-05-2020","07-05-2020"
"6657","kschoalesjh@examplecompany.com","113","16950","08-27-2020","08-27-2020"
"7347","fwarmisham4v@examplecompany.com","181","27150","06-05-2020","06-05-2020"
"7578","hpackingtonkx@examplecompany.com","233","34950","10-23-2020","10-23-2020"
"1478","bgivensgt@examplecompany.com","134","20100","05-20-2020","05-20-2020"
"1171","tcapelingj8@examplecompany.com","146","21900","12-15-2019","12-15-2019"
"6291","lbestard8@examplecompany.com","37","5550","06-07-2020","06-07-2020"
"3016","cgrimstona0@examplecompany.com","148","22200","04-22-2020","04-22-2020"
"3210","mbrunsden9i@examplecompany.com","155","23250","05-17-2020","05-17-2020"
"3780","galdrick83@examplecompany.com","159","23850","08-02-2020","08-02-2020"
"2999","bharriagnm8@examplecompany.com","123","18450","06-25-2020","06-25-2020"
"4184","vchoulertonmn@examplecompany.com","257","38550","06-25-2020","06-25-2020"
"6962","hbennsi3@examplecompany.com","61","9150","08-02-2020","08-02-2020"
"6521","sbiddleet@examplecompany.com","302","45300","11-30-2019","11-30-2019"
"7141","tnekrewsls@examplecompany.com","628","94200","11-20-2019","11-30-2019"
"8304","jnorth8i@examplecompany.com","22","3300","01-14-2020","01-14-2020"
"9830","jdurtnelbh@examplecompany.com","108","16200","12-01-2019","12-01-2019"
"2412","cfullerlovedp@examplecompany.com","52","7800","12-31-2019","12-31-2019"
"6845","wfritchep8@examplecompany.com","230","34500","02-27-2020","02-27-2020"
"9024","abrazilot@examplecompany.com","385","57750","11-25-2019","12-30-2019"
"3900","tpavie1q@examplecompany.com","194","29100","06-24-2020","06-24-2020"
"6001","vpacey5r@examplecompany.com","66","9900","05-22-2020","05-22-2020"
"4399","gcoursonkm@examplecompany.com","71","10650","11-29-2020","11-29-2020"
"4243","aedisondj@examplecompany.com","171","25650","08-06-2020","08-06-2020"
"6728","gbiaggicr@examplecompany.com","285","42750","06-13-2020","06-13-2020"
"3357","membleton1i@examplecompany.com","110","16500","06-23-2020","06-23-2020"
"2305","jcrosdilln0@examplecompany.com","12","1800","06-10-2020","06-10-2020"
"4548","jaltic3@examplecompany.com","282","42300","01-14-2020","01-14-2020"
"7299","uhennemanndx@examplecompany.com","259","38850","06-26-2020","06-26-2020"
"5877","gtunstallh4@examplecompany.com","319","47850","11-05-2020","11-05-2020"
"5161","zmourtonk5@examplecompany.com","335","50250","07-27-2020","07-27-2020"
"4581","cedwickeb8@examplecompany.com","319","47850","09-16-2020","09-16-2020"
"7878","dvanderveldt1g@examplecompany.com","328","49200","07-15-2020","07-15-2020"
"2060","awandrichpq@examplecompany.com","251","37650","05-19-2020","05-19-2020"
"8649","xminnockky@examplecompany.com","269","40350","03-11-2020","03-11-2020"
"4743","mdomanekkz@examplecompany.com","237","35550","03-11-2020","03-11-2020"
"2643","dluttgert4m@examplecompany.com","55","8250","04-06-2020","04-06-2020"
"9989","llawday67@examplecompany.com","430","64500","03-28-2020","04-08-2020"
"7687","shamflettni@examplecompany.com","247","37050","11-14-2019","11-14-2019"
"1821","rvalder24@examplecompany.com","127","19050","09-27-2020","09-27-2020"
"5192","eeyckelbergfe@examplecompany.com","68","10200","04-12-2020","04-12-2020"
"2431","sigguldengq@examplecompany.com","60","9000","12-11-2019","12-11-2019"
"6486","ghampsones@examplecompany.com","77","11550","03-06-2020","03-06-2020"
"6849","merdesfd@examplecompany.com","35","5250","03-01-2020","03-01-2020"
"4027","kgunninglq@examplecompany.com","285","42750","02-02-2020","02-02-2020"
"2223","etwizelldt@examplecompany.com","15","2250","02-18-2020","09-26-2020"
"9792","fgerholzo9@examplecompany.com","148","22200","02-10-2020","02-10-2020"
"9936","gstratfordgo@examplecompany.com","123","18450","03-05-2020","03-05-2020"
"4191","lemmanueligs@examplecompany.com","119","17850","12-29-2019","12-29-2019"
"9913","dthrussellp7@examplecompany.com","134","20100","07-20-2020","07-20-2020"
"5972","aproctorpk@examplecompany.com","225","33750","03-04-2020","03-04-2020"
"1625","fphilliphsqb@examplecompany.com","248","37200","04-12-2020","04-12-2020"
"9122","mmenauteauj9@examplecompany.com","259","38850","05-22-2020","05-22-2020"
"2053","bsherbourne28@examplecompany.com","289","43350","12-22-2019","12-22-2019"
"4765","mjenckes36@examplecompany.com","118","17700","08-07-2020","08-07-2020"
"8170","dcasini38@examplecompany.com","203","30450","06-04-2020","06-04-2020"
"5213","jodlin73@examplecompany.com","168","25200","12-26-2019","12-26-2019"
"9135","acridlandbr@examplecompany.com","331","49650","09-16-2020","09-16-2020"
"2041","dcauthra2d@examplecompany.com","250","37500","06-07-2020","06-07-2020"
"5160","cerington9@examplecompany.com","10","1500","07-05-2020","07-05-2020"
"9732","smartini37@examplecompany.com","159","23850","09-21-2020","09-21-2020"
"4475","mlongcake89@examplecompany.com","329","49350","04-20-2020","04-20-2020"
"4527","jsabatepf@examplecompany.com","163","24450","04-14-2020","04-14-2020"
"2785","aroadknight2c@examplecompany.com","212","31800","04-21-2020","04-21-2020"
"3353","wcringle2n@examplecompany.com","243","36450","11-26-2019","11-26-2019"
"5631","hdagger88@examplecompany.com","223","33450","04-26-2020","04-26-2020"
"7773","ymuckip@examplecompany.com","223","33450","05-01-2020","05-01-2020"
"7273","dkingswood2i@examplecompany.com","59","8850","03-28-2020","03-28-2020"
"3156","smcknockiterdw@examplecompany.com","7","1050","10-06-2020","10-06-2020"
"9389","amattheis26@examplecompany.com","33","4950","05-31-2020","05-31-2020"
"4847","bmccrachenb4@examplecompany.com","40","6000","01-22-2020","01-22-2020"
"6557","mwaistelleo@examplecompany.com","121","18150","04-22-2020","04-22-2020"
"7696","mgrunwald77@examplecompany.com","299","44850","01-29-2020","01-29-2020"
"3117","ptummond93@examplecompany.com","257","38550","02-04-2020","02-04-2020"
"5093","jhakefs@examplecompany.com","219","32850","06-09-2020","06-09-2020"
"9009","mdythamb5@examplecompany.com","24","3600","06-09-2020","06-09-2020"
"7780","mbarnevilleg0@examplecompany.com","105","15750","10-12-2020","10-12-2020"
"7703","jcloptong4@examplecompany.com","299","44850","10-12-2020","10-12-2020"
"5857","rtennickmi@examplecompany.com","325","48750","09-24-2020","09-24-2020"
"8283","emilby1s@examplecompany.com","167","25050","09-25-2020","09-25-2020"
"5382","ntattershaw79@examplecompany.com","289","43350","08-31-2020","09-13-2020"
"7187","aflorey6f@examplecompany.com","289","43350","02-01-2020","08-20-2020"
"6147","lsouthernbx@examplecompany.com","215","32250","08-26-2020","08-26-2020"
"4557","lcomettofg@examplecompany.com","131","19650","07-27-2020","07-27-2020"
"2286","tgemlbettq0@examplecompany.com","145","21750","08-23-2020","08-23-2020"
"7050","chobgendi@examplecompany.com","54","8100","09-06-2020","09-06-2020"
"4700","fgoodie5x@examplecompany.com","249","37350","08-11-2020","08-11-2020"
"5847","bmagsonp@examplecompany.com","303","45450","09-03-2020","09-03-2020"
"9102","dchanders4d@examplecompany.com","297","44550","06-19-2020","06-19-2020"
"5588","gconochiecv@examplecompany.com","267","40050","08-29-2020","08-29-2020"
"2888","ffallowfield2k@examplecompany.com","303","45450","04-21-2020","04-21-2020"
"6773","schazottepz@examplecompany.com","165","24750","04-14-2020","04-14-2020"
"7128","vleupoldh0@examplecompany.com","102","15300","11-20-2019","11-20-2019"
"9604","lokendenij@examplecompany.com","166","24900","11-07-2019","11-07-2019"
"6073","bandrusio@examplecompany.com","299","44850","12-10-2019","12-10-2019"
"9285","jhardenf1@examplecompany.com","209","31350","04-13-2020","04-13-2020"
"8033","tsellen7y@examplecompany.com","188","28200","04-19-2020","04-19-2020"
"1594","jkinleysideer@examplecompany.com","78","11700","10-24-2020","10-24-2020"
"5577","ibridgeman2z@examplecompany.com","58","8700","11-26-2020","11-26-2020"
"5831","kgianulliew@examplecompany.com","137","20550","11-26-2019","11-26-2019"
"6843","bbrayson97@examplecompany.com","244","36600","04-22-2020","04-22-2020"
"7858","awolledgeds@examplecompany.com","129","19350","08-02-2020","08-02-2020"
"7488","mwitheford9l@examplecompany.com","129","19350","11-17-2020","11-17-2020"
"6123","mohenerydm@examplecompany.com","286","42900","07-20-2020","07-20-2020"
"7942","gmclevieo0@examplecompany.com","24","3600","10-02-2020","10-02-2020"
"3177","nfinkeroa@examplecompany.com","171","25650","01-23-2020","01-23-2020"
"5863","pkondratenko2o@examplecompany.com","229","34350","08-05-2020","08-05-2020"
"5087","dpeggje@examplecompany.com","6","900","01-16-2020","01-16-2020"
"8319","astienhamb3@examplecompany.com","175","26250","10-12-2020","10-12-2020"
"9402","bcadorefw@examplecompany.com","106","15900","06-05-2020","06-05-2020"
"7147","zmathouselh@examplecompany.com","171","25650","04-14-2020","04-14-2020"
"4128","lmarcombemb@examplecompany.com","30","4500","07-03-2020","07-03-2020"
"6639","iwitchardel@examplecompany.com","117","17550","05-01-2020","05-01-2020"
"1438","rclemmittek@examplecompany.com","120","18000","04-01-2020","04-01-2020"
"8051","fmicheufx@examplecompany.com","168","25200","06-12-2020","06-12-2020"
"8107","mtiley3r@examplecompany.com","275","41250","04-03-2020","04-03-2020"
"4528","mmelanaphymv@examplecompany.com","141","21150","01-02-2020","01-02-2020"
"9346","klowdespp@examplecompany.com","279","41850","03-25-2020","03-25-2020"
"8472","ccregino1@examplecompany.com","295","44250","03-30-2020","03-30-2020"
"9116","swhittierlm@examplecompany.com","209","31350","05-11-2020","05-11-2020"
"8062","ckaines60@examplecompany.com","33","4950","06-01-2020","06-01-2020"
"8487","jvindeng3@examplecompany.com","83","12450","04-21-2020","04-21-2020"
"9288","dbilofsky6q@examplecompany.com","60","9000","05-12-2020","05-12-2020"
"6012","mbangleym2@examplecompany.com","131","19650","05-12-2020","05-12-2020"
"2724","mmansellgj@examplecompany.com","344","51600","04-21-2020","04-21-2020"
"8952","acolreincs@examplecompany.com","115","17250","",""
"8006","scolvie4g@examplecompany.com","137","20550","",""
"7851","skinghorneh@examplecompany.com","55","8250","08-23-2020","08-23-2020"
"6136","pwalkeyb2@examplecompany.com","75","11250","08-23-2020","08-23-2020"
"8040","ejammesjx@examplecompany.com","75","11250","08-23-2020","08-23-2020"
"4607","emanston8n@examplecompany.com","200","30000","08-23-2020","08-23-2020"
"1194","sgianullifi@examplecompany.com","48","7200","04-17-2020","04-17-2020"
"4217","crathjen4i@examplecompany.com","265","39750","05-04-2020","05-04-2020"
"5699","hcolchettft@examplecompany.com","189","28350","02-11-2020","02-11-2020"
"7481","cswindin25@examplecompany.com","55","8250","06-25-2020","06-25-2020"
"2487","cpetrellok4@examplecompany.com","4","600","02-23-2020","02-23-2020"
"9581","gantonaccio8@examplecompany.com","194","29100","02-25-2020","02-25-2020"
"4353","dcookleyqc@examplecompany.com","127","19050","12-21-2019","12-21-2019"
"8681","tcoulingq5@examplecompany.com","344","51600","01-15-2020","01-15-2020"
"3815","bmcphillimeya7@examplecompany.com","184","27600","01-01-2020","01-01-2020"
"1960","sgodehardsf8a@examplecompany.com","109","16350","01-02-2020","01-02-2020"
"7608","wschapero2@examplecompany.com","146","21900","12-27-2019","12-27-2019"
"3119","gdudlestongd@examplecompany.com","136","20400","12-30-2019","12-30-2019"
"8168","dastlehk@examplecompany.com","25","3750","02-23-2020","02-23-2020"
"9781","jgammettpl@examplecompany.com","269","40350","12-04-2019","12-04-2019"
"1366","rbirchenough9b@examplecompany.com","342","51300","09-21-2020","09-21-2020"
"3390","jvermerlf@examplecompany.com","334","50100","12-13-2019","12-13-2019"
"8324","apiatkowskioe@examplecompany.com","156","23400","05-19-2020","05-19-2020"
"9847","mgatesmano2@examplecompany.com","218","32700","03-12-2020","03-12-2020"
"7960","zlewtond9@examplecompany.com","297","44550","12-10-2019","12-10-2019"
"5949","jadolfsenk1@examplecompany.com","26","3900","05-12-2020","05-12-2020"
"5589","fspadottolv@examplecompany.com","104","15600","05-28-2020","05-28-2020"
"2468","bcrop2t@examplecompany.com","34","5100","10-12-2020","10-12-2020"
"8404","smcmillamfo@examplecompany.com","301","45150","07-04-2020","07-04-2020"
"2552","cvandrielbo@examplecompany.com","289","43350","06-06-2020","06-06-2020"
"9109","thouchene@examplecompany.com","266","39900","03-02-2020","03-02-2020"
"5276","kseefp@examplecompany.com","151","22650","06-22-2020","06-22-2020"
"3869","fpenvardennn@examplecompany.com","310","46500","05-27-2020","05-27-2020"
"3476","dfarrears6r@examplecompany.com","91","13650","08-10-2020","08-10-2020"
"5627","somullaney5p@examplecompany.com","18","2700","06-19-2020","06-19-2020"
"7669","mtaftnw@examplecompany.com","241","36150","10-05-2020","10-05-2020"
"4583","gbagwortho4@examplecompany.com","63","9450","11-09-2019","11-09-2019"
"7502","kbanesou@examplecompany.com","22","3300","09-12-2020","09-12-2020"
"6167","kgeyton8y@examplecompany.com","337","50550","06-20-2020","06-20-2020"
"6119","dayrtonde@examplecompany.com","36","5400","04-11-2020","04-11-2020"
"4393","smoppett2u@examplecompany.com","391","58650","01-02-2020","05-26-2020"
"9216","pkimblingh3@examplecompany.com","459","68850","03-20-2020","09-27-2020"
"3639","lmoverley9n@examplecompany.com","100","15000","11-20-2019","11-20-2019"
"4604","shalpinelo@examplecompany.com","226","33900","03-03-2020","03-03-2020"
"3743","ckrauseg8@examplecompany.com","138","20700","11-17-2019","11-17-2019"
"6938","dmcilroy87@examplecompany.com","339","50850","11-19-2019","11-19-2019"
"7498","dwickettla@examplecompany.com","337","50550","11-23-2019","11-23-2019"
"2003","dspringatem5@examplecompany.com","78","11700","02-15-2020","02-15-2020"
"2736","bnurnymc@examplecompany.com","347","52050","12-02-2019","12-02-2019"
"1391","sbanaszczykin@examplecompany.com","55","8250","10-26-2020","10-26-2020"
"1521","rjeanel3y@examplecompany.com","80","12000","02-22-2020","02-22-2020"
"5307","lsandysjt@examplecompany.com","62","9300","07-21-2020","07-21-2020"
"1226","mrougieran@examplecompany.com","65","9750","12-09-2019","12-09-2019"
"7265","lcreesh2@examplecompany.com","22","3300","05-30-2020","05-30-2020"
"1707","dbarnwillez@examplecompany.com","153","22950","11-27-2020","11-27-2020"
"2472","lwhickman3c@examplecompany.com","158","23700","05-19-2020","05-19-2020"
"1787","tphifer51@examplecompany.com","308","46200","07-28-2020","07-28-2020"
"8251","ctremeeroo@examplecompany.com","132","19800","02-12-2020","02-12-2020"
"4640","amaddaford34@examplecompany.com","97","14550","05-31-2020","05-31-2020"
"8348","jfish7d@examplecompany.com","119","17850","11-22-2020","11-22-2020"
"1511","kheadylx@examplecompany.com","251","37650","06-27-2020","06-27-2020"
"4264","cgobbett8l@examplecompany.com","340","51000","04-07-2020","04-07-2020"
"1895","mgabrielyho@examplecompany.com","265","39750","09-10-2020","09-10-2020"
"6311","vandres5z@examplecompany.com","156","23400","03-18-2020","06-18-2020"
"9372","knoelcd@examplecompany.com","223","33450","04-26-2020","04-26-2020"
"7672","lmartuginjw@examplecompany.com","254","38100","04-29-2020","04-29-2020"
"2878","fjewissh7@examplecompany.com","287","43050","02-24-2020","02-24-2020"
"5199","kdriscollej@examplecompany.com","203","30450","02-09-2020","02-09-2020"
"5943","knarracott27@examplecompany.com","342","51300","09-14-2020","09-14-2020"
"5940","jzavattero81@examplecompany.com","79","11850","11-06-2020","11-06-2020"
"3048","rhartfieldkq@examplecompany.com","168","25200","05-10-2020","05-10-2020"
"3947","jkhomishinf6@examplecompany.com","194","29100","11-08-2019","11-08-2019"
"7856","gdaintylu@examplecompany.com","179","26850","04-07-2020","04-07-2020"
"3497","lbrindley1j@examplecompany.com","328","49200","02-28-2020","02-28-2020"
"5479","lsollamr@examplecompany.com","221","33150","02-29-2020","02-29-2020"
"1266","mgilmartineq@examplecompany.com","117","17550","08-30-2020","08-30-2020"
"6413","cmckeai6@examplecompany.com","143","21450","11-10-2019","11-10-2019"
"6018","jcelli6w@examplecompany.com","151","22650","03-02-2020","03-02-2020"
"3381","aperche8c@examplecompany.com","100","15000","03-02-2020","03-02-2020"
"3772","ereveyjz@examplecompany.com","333","49950","02-29-2020","02-29-2020"
"3010","cskatcherkc@examplecompany.com","222","33300","12-24-2019","12-24-2019"
"6117","wpollittnb@examplecompany.com","55","8250","04-27-2020","04-27-2020"
"3828","ltesyromp@examplecompany.com","300","45000","01-11-2020","01-11-2020"
"1379","abagbyko@examplecompany.com","114","17100","10-07-2020","10-07-2020"
"9299","clelievredb@examplecompany.com","250","37500","10-03-2020","10-03-2020"
"6386","lelmhurst7t@examplecompany.com","239","35850","05-26-2020","05-26-2020"
"6292","eeddsac@examplecompany.com","263","39450","11-14-2020","11-14-2020"
"6880","mchristy9j@examplecompany.com","27","4050","01-25-2020","01-25-2020"
"8705","pblandamore2e@examplecompany.com","7","1050","12-02-2019","12-02-2019"
"9843","emearinglb@examplecompany.com","157","23550","09-28-2020","09-28-2020"
"5952","glortzingow@examplecompany.com","160","24000","03-27-2020","03-27-2020"
"7381","kchavegw@examplecompany.com","212","31800","02-02-2020","02-02-2020"
"6936","gallard96@examplecompany.com","289","43350","05-16-2020","05-16-2020"
"4861","hsilsonoh@examplecompany.com","183","27450","12-26-2019","12-26-2019"
"7105","farlt6i@examplecompany.com","314","47100","10-26-2020","10-26-2020"
"6304","bproudler9h@examplecompany.com","90","13500","05-19-2020","05-19-2020"
"5355","aoldacrejb@examplecompany.com","99","14850","11-09-2019","11-09-2019"
"7034","mcottham1v@examplecompany.com","239","35850","08-25-2020","08-25-2020"
"4560","ktirej@examplecompany.com","92","13800","08-06-2020","08-06-2020"
"2742","nrigard1d@examplecompany.com","226","33900","02-14-2020","02-14-2020"
"6905","sgraddellhm@examplecompany.com","11","1650","05-09-2020","05-09-2020"
"7284","chazelgrovekv@examplecompany.com","328","49200","09-29-2020","09-29-2020"
"1640","bmcgaughay5u@examplecompany.com","314","47100","05-27-2020","05-27-2020"
"6552","fmaccardle7u@examplecompany.com","323","48450","04-01-2020","04-01-2020"
"5999","lcrozieron@examplecompany.com","113","16950","12-10-2019","12-10-2019"
"2662","rwalczak30@examplecompany.com","329","49350","02-13-2020","02-13-2020"
"2986","cchumleyd1@examplecompany.com","17","2550","12-05-2019","12-05-2019"
"1342","thalgarth6x@examplecompany.com","1","150","07-24-2020","07-24-2020"
"4769","enairns3e@examplecompany.com","55","8250","09-04-2020","09-04-2020"
"5260","cpolini8x@examplecompany.com","290","43500","12-02-2019","12-02-2019"
"1810","madamieccl@examplecompany.com","175","26250","04-25-2020","04-25-2020"
"2958","redgeson10@examplecompany.com","192","28800","06-18-2020","06-18-2020"
"4709","acowherdpg@examplecompany.com","57","8550","02-09-2020","02-09-2020"
"6024","lharragin7h@examplecompany.com","325","48750","12-11-2019","12-11-2019"
"1926","rbarthelemyjq@examplecompany.com","274","41100","02-23-2020","02-23-2020"
"5630","arobicev@examplecompany.com","140","21000","01-24-2020","01-24-2020"
"8609","pharlettd5@examplecompany.com","345","51750","03-13-2020","03-13-2020"
"3076","ktaylorsongp@examplecompany.com","52","7800","04-29-2020","04-29-2020"
"3219","sgoodhayis@examplecompany.com","264","39600","08-20-2020","08-20-2020"
"6197","tfaustianoz@examplecompany.com","42","6300","03-09-2020","03-09-2020"
"7077","smckinnonby@examplecompany.com","222","33300","08-07-2020","08-07-2020"
"9898","tdigiacomettino7l@examplecompany.com","56","8400","02-02-2020","02-02-2020"
"4127","tgullefantcg@examplecompany.com","257","38550","01-26-2020","01-26-2020"
"5198","avanhallejl@examplecompany.com","174","26100","04-19-2020","04-19-2020"
"9889","wargrave5i@examplecompany.com","341","51150","04-12-2020","04-12-2020"
"6839","hdoncaster56@examplecompany.com","44","6600","06-11-2020","06-11-2020"
"8059","ineicho99@examplecompany.com","175","26250","05-06-2020","05-06-2020"
"9826","lcoolingps@examplecompany.com","334","50100","02-27-2020","02-27-2020"
"6327","adohmerct@examplecompany.com","294","44100","12-19-2019","12-19-2019"
"8871","rterbruge2@examplecompany.com","213","31950","08-29-2020","08-29-2020"
"4033","jbrickell1y@examplecompany.com","187","28050","12-02-2019","12-02-2019"
"5073","hcordayg9@examplecompany.com","195","29250","02-05-2020","02-05-2020"
"7947","ibaiyle4p@examplecompany.com","103","15450","11-24-2019","04-25-2020"
"1917","ejoblin2j@examplecompany.com","245","36750","08-28-2020","08-28-2020"
"4911","bberntssonbm@examplecompany.com","274","41100","05-06-2020","05-06-2020"
"9171","lattridgeal@examplecompany.com","8","1200","03-28-2020","03-28-2020"
"1390","cpothbury4q@examplecompany.com","244","36600","05-17-2020","05-17-2020"
"9529","dciccone4s@examplecompany.com","295","44250","04-17-2020","04-17-2020"
"9718","onashen2@examplecompany.com","299","44850","05-04-2020","05-04-2020"
"5827","aginipi@examplecompany.com","41","6150","03-19-2020","03-19-2020"
"6023","lhaswellp4@examplecompany.com","144","21600","06-22-2020","06-22-2020"
"6333","tverrell2m@examplecompany.com","159","23850","05-17-2020","05-17-2020"
"8145","nmcgriffinbb@examplecompany.com","4","600","07-24-2020","07-24-2020"
"2326","bcastanagafr@examplecompany.com","40","6000","11-13-2020","11-13-2020"
"9286","hstormouth4l@examplecompany.com","115","17250","07-16-2020","07-16-2020"
"3916","gbartenpm@examplecompany.com","191","28650","10-20-2020","10-20-2020"
"5306","bfrankiewiczht@examplecompany.com","324","48600","07-12-2020","07-12-2020"
"5840","olererq8@examplecompany.com","108","16200","11-02-2020","11-02-2020"
"8191","rcunahjv@examplecompany.com","152","22800","01-26-2020","01-26-2020"
"4535","tcoched3@examplecompany.com","71","10650","01-17-2020","01-17-2020"
"8279","wmorsomt@examplecompany.com","345","51750","11-12-2020","11-12-2020"
"2071","fmarcinkusir@examplecompany.com","182","27300","05-03-2020","05-03-2020"
"2793","mdaburnkr@examplecompany.com","54","8100","03-15-2020","03-15-2020"
"6988","mroth6v@examplecompany.com","45","6750","08-03-2020","08-03-2020"
"7494","kreinbechiz@examplecompany.com","291","43650","06-02-2020","06-02-2020"
"4331","aricardonob@examplecompany.com","30","4500","06-28-2020","06-28-2020"
"7016","fhegdenl0@examplecompany.com","180","27000","10-14-2020","10-14-2020"
"7173","ogilffillanca@examplecompany.com","61","9150","03-10-2020","03-10-2020"
"8137","ebarberynh@examplecompany.com","31","4650","05-30-2020","05-30-2020"
"9970","msantoranj@examplecompany.com","53","7950","12-12-2019","12-12-2019"
"5537","rmacanelleymf@examplecompany.com","194","29100","08-18-2020","08-18-2020"
"5163","rseear84@examplecompany.com","150","22500","05-20-2020","05-20-2020"
"4426","jskallsk9@examplecompany.com","110","16500","07-03-2020","07-03-2020"
"8896","dtownshend2a@examplecompany.com","193","28950","08-24-2020","08-24-2020"
"8617","gshapiro4t@examplecompany.com","125","18750","03-11-2020","03-11-2020"
"5371","wwade5w@examplecompany.com","2","300","07-28-2020","07-28-2020"
"5833","csollynd@examplecompany.com","249","37350","03-23-2020","03-23-2020"
"9694","bellings40@examplecompany.com","11","1650","04-10-2020","04-10-2020"
"3790","ffitzjohn15@examplecompany.com","338","50700","12-28-2019","12-28-2019"
"3688","nhalliwellne@examplecompany.com","222","33300","01-16-2020","01-16-2020"
"2282","gbricksey3w@examplecompany.com","118","17700","04-21-2020","04-21-2020"
"1571","sbrocklebank8s@examplecompany.com","87","13050","09-20-2020","09-20-2020"
"9672","opendleberryj7@examplecompany.com","218","32700","06-01-2020","06-01-2020"
"7071","aidellg6@examplecompany.com","182","27300","06-27-2020","06-27-2020"
"7357","hkidstone5j@examplecompany.com","328","49200","05-21-2020","05-21-2020"
"5001","flittleton3j@examplecompany.com","21","3150","03-26-2020","03-26-2020"
"3633","pparfittcf@examplecompany.com","190","28500","12-15-2019","12-15-2019"
"5209","scockerelll9@examplecompany.com","97","14550","04-14-2020","04-14-2020"
"8017","abenninckik@examplecompany.com","20","3000","03-21-2020","03-21-2020"
"5445","sleer4f@examplecompany.com","347","52050","04-11-2020","04-11-2020"
"6835","dlamdengk@examplecompany.com","295","44250","12-07-2019","12-07-2019"
"4777","kblenkhorn2w@examplecompany.com","210","31500","09-23-2020","09-23-2020"
"8102","dmatijevicbs@examplecompany.com","24","3600","10-29-2020","10-29-2020"
"9204","mdibbertod@examplecompany.com","71","10650","06-30-2020","06-30-2020"
"1306","gwestbergj0@examplecompany.com","91","13650","03-16-2020","03-16-2020"
"9352","mrobletti0@examplecompany.com","69","10350","05-02-2020","05-02-2020"
"4364","nbarnfieldaj@examplecompany.com","275","41250","04-02-2020","04-02-2020"
"9481","edranfm@examplecompany.com","348","52200","03-05-2020","03-05-2020"
"8146","lzorzenoniez@examplecompany.com","288","43200","01-14-2020","01-14-2020"
"7482","fligerton2h@examplecompany.com","96","14400","05-09-2020","05-09-2020"
"8147","ivasilikha@examplecompany.com","96","14400","05-06-2020","05-06-2020"
"7201","bfaustad@examplecompany.com","232","34800","11-08-2020","11-08-2020"
"9206","bfitchet8j@examplecompany.com","110","16500","07-06-2020","07-06-2020"
"2318","ftebbeim@examplecompany.com","151","22650","01-01-2020","01-01-2020"
"1421","nturnello@examplecompany.com","328","49200","10-23-2020","10-23-2020"
"7645","acasacchia7g@examplecompany.com","234","35100","07-17-2020","07-17-2020"
"4553","mlendenn1@examplecompany.com","241","36150","09-08-2020","09-08-2020"
"4916","dlattos1n@examplecompany.com","113","16950","11-09-2020","11-09-2020"
"1531","bgibbeson6h@examplecompany.com","269","40350","12-11-2019","12-11-2019"
"4611","gcoiley9v@examplecompany.com","291","43650","03-06-2020","03-06-2020"
"5764","pmcmillan1f@examplecompany.com","275","41250","12-05-2019","06-28-2020"
"5181","nluscotti7@examplecompany.com","22","3300","07-29-2020","07-29-2020"
"3107","jsailesp6@examplecompany.com","260","39000","03-21-2020","03-21-2020"
"3733","fjacquet91@examplecompany.com","250","37500","03-24-2020","03-24-2020"
"3455","eserjenthj@examplecompany.com","199","29850","06-13-2020","06-13-2020"
"6051","khasluck5v@examplecompany.com","30","4500","12-13-2019","12-13-2019"
"1334","dklesel8r@examplecompany.com","290","43500","07-04-2020","07-04-2020"
"1976","eashman7s@examplecompany.com","94","14100","08-15-2020","08-15-2020"
"3427","csterke4z@examplecompany.com","55","8250","08-17-2020","08-17-2020"
"5119","csmelleyku@examplecompany.com","212","31800","11-17-2020","11-17-2020"
"2819","gjaquestpa@examplecompany.com","152","22800","05-24-2020","05-24-2020"
"1427","nbwyepv@examplecompany.com","197","29550","06-26-2020","06-26-2020"
"4075","ccunnanema@examplecompany.com","175","26250","09-14-2020","09-14-2020"
"2501","ahadleycz@examplecompany.com","306","45900","12-24-2019","12-24-2019"
"7348","rblinmanb1@examplecompany.com","204","30600","04-25-2020","04-25-2020"
"5297","hhawtryd6@examplecompany.com","41","6150","06-25-2020","06-25-2020"
"1646","omarena4@examplecompany.com","168","25200","02-05-2020","02-05-2020"
"2551","ndumbreckgv@examplecompany.com","299","44850","12-09-2019","12-09-2019"
"1827","ctullochor@examplecompany.com","165","24750","04-21-2020","04-21-2020"
"9026","tcrispeln@examplecompany.com","315","47250","07-11-2020","07-11-2020"
"5317","tbendall5k@examplecompany.com","280","42000","04-22-2020","04-22-2020"
"9013","dgarrat48@examplecompany.com","62","9300","09-13-2020","09-13-2020"
"3548","istreets7q@examplecompany.com","174","26100","04-10-2020","04-10-2020"
"2067","agullfb@examplecompany.com","128","19200","11-19-2019","11-19-2019"
"3237","tdickons5d@examplecompany.com","119","17850","08-27-2020","08-27-2020"
"9053","molechn3@examplecompany.com","108","16200","04-25-2020","04-25-2020"
"8302","dbeallb0@examplecompany.com","325","48750","08-05-2020","08-05-2020"
"9685","obaudichonn5@examplecompany.com","167","25050","06-09-2020","06-09-2020"
"3334","thuscroft9r@examplecompany.com","54","8100","03-21-2020","03-21-2020"
"7480","lbanfieldjd@examplecompany.com","189","28350","04-15-2020","04-15-2020"
"2945","kwoolastonk@examplecompany.com","92","13800","11-09-2020","11-09-2020"
"8904","gfreiberg1r@examplecompany.com","36","5400","04-17-2020","04-17-2020"
"7688","dsegrave9f@examplecompany.com","162","24300","02-21-2020","02-21-2020"
"6353","rdewargi@examplecompany.com","321","48150","04-16-2020","04-16-2020"
"9966","sstonardkl@examplecompany.com","284","42600","01-13-2020","01-13-2020"
"8544","afley50@examplecompany.com","16","2400","06-22-2020","06-22-2020"
"8277","cwardesworthjp@examplecompany.com","223","33450","03-21-2020","03-21-2020"
"8759","lbriston80@examplecompany.com","337","50550","05-09-2020","05-09-2020"
"3514","bmaccoughen8q@examplecompany.com","329","49350","01-25-2020","01-25-2020"
"3413","ttennewell5t@examplecompany.com","146","21900","06-16-2020","06-16-2020"
"3650","amussolini5l@examplecompany.com","231","34650","04-23-2020","04-23-2020"
"9714","lstrowgerp9@examplecompany.com","28","4200","01-30-2020","01-30-2020"
"7629","gbrakespearpy@examplecompany.com","9","1350","05-12-2020","05-12-2020"
"6454","gleroybv@examplecompany.com","116","17400","07-15-2020","07-15-2020"
"6085","mstorrierk8@examplecompany.com","159","23850","05-18-2020","05-18-2020"
"1679","scalwell7@examplecompany.com","105","15750","07-03-2020","07-03-2020"
"8314","abergeaugb@examplecompany.com","319","47850","08-04-2020","08-04-2020"
"3477","apentercost18@examplecompany.com","561","84150","04-19-2020","05-29-2020"
"8880","mbloypr@examplecompany.com","65","9750","11-29-2020","11-29-2020"
"1168","mtailbyf5@examplecompany.com","232","34800","05-25-2020","08-30-2020"
"1286","tmatchamj6@examplecompany.com","248","37200","08-18-2020","08-18-2020"
"4884","qminero8@examplecompany.com","87","13050","09-10-2020","09-10-2020"
"9598","sdumbarcm@examplecompany.com","207","31050","06-28-2020","06-28-2020"
"4830","ckleynb7@examplecompany.com","115","17250","01-13-2020","01-13-2020"
"1311","lpennacciq@examplecompany.com","178","26700","11-25-2020","11-25-2020"
"2156","bhawthorn4@examplecompany.com","27","4050","10-23-2020","10-23-2020"
"4516","carias1u@examplecompany.com","17","2550","03-13-2020","03-13-2020"
"1485","npicardh8@examplecompany.com","20","3000","08-10-2020","08-10-2020"
"2915","rmcquaideiu@examplecompany.com","245","36750","08-01-2020","08-01-2020"
"3188","esimion7x@examplecompany.com","212","31800","07-17-2020","07-17-2020"
"8501","ishewryqe@examplecompany.com","27","4050","09-12-2020","09-12-2020"
"7193","lfitzgerald62@examplecompany.com","157","23550","08-27-2020","08-27-2020"
"6629","cdainpd@examplecompany.com","17","2550","11-05-2020","11-05-2020"
"4255","amattin43@examplecompany.com","96","14400","07-18-2020","07-18-2020"
"2927","rorable52@examplecompany.com","215","32250","07-27-2020","07-27-2020"
"3486","tkapelhof7n@examplecompany.com","259","38850","09-24-2020","09-24-2020"
"1497","spoagn7@examplecompany.com","190","28500","07-20-2020","07-20-2020"
"9629","mcantonq@examplecompany.com","235","35250","05-05-2020","05-05-2020"
"7036","sgordgeb9@examplecompany.com","155","23250","04-30-2020","04-30-2020"
"1855","ecornuauph@examplecompany.com","331","49650","04-11-2020","04-11-2020"
"8001","psawfy@examplecompany.com","70","10500","12-01-2019","12-01-2019"
"9229","fjainee7@examplecompany.com","113","16950","05-16-2020","05-16-2020"
"3724","nkingslandmt@examplecompany.com","287","43050","07-28-2020","07-28-2020"
"4573","jluna5n@examplecompany.com","337","50550","11-13-2020","11-13-2020"
"8024","mbetterton68@examplecompany.com","334","50100","02-19-2020","02-19-2020"
"7466","cstillmanne9@examplecompany.com","107","16050","03-22-2020","03-22-2020"
"2008","arideoutit@examplecompany.com","341","51150","08-12-2020","08-12-2020"
"4675","swaylen21@examplecompany.com","330","49500","09-03-2020","09-03-2020"
"6290","ebartoshevichgz@examplecompany.com","301","45150","10-10-2020","10-10-2020"
"7546","bmcmorlandns@examplecompany.com","40","6000","09-03-2020","09-03-2020"
"4591","fmccoveneygf@examplecompany.com","123","18450","10-22-2020","10-22-2020"
"8755","rbeebeeix@examplecompany.com","294","44100","01-08-2020","01-08-2020"
"1173","dcops5f@examplecompany.com","154","23100","07-28-2020","07-28-2020"
"3959","gkillford7z@examplecompany.com","13","1950","07-25-2020","07-25-2020"
"3887","cquinney3h@examplecompany.com","55","8250","10-23-2020","10-23-2020"
"5189","mlegatai@examplecompany.com","130","19500","07-22-2020","07-22-2020"
"9023","ncleugherlt@examplecompany.com","276","41400","12-27-2019","12-27-2019"
"4661","nbeedell65@examplecompany.com","480","72000","04-05-2020","06-05-2020"
"1172","dstylesbf@examplecompany.com","61","9150","02-19-2020","02-19-2020"
"7191","rkupkeram@examplecompany.com","16","2400","03-23-2020","03-23-2020"
"7948","krocheil@examplecompany.com","125","18750","11-07-2019","11-07-2019"
"2114","cgrovekp@examplecompany.com","108","16200","05-23-2020","05-23-2020"
"3087","gkubicaao@examplecompany.com","221","33150","11-15-2019","11-15-2019"
"4035","ecanavanm7@examplecompany.com","57","8550","02-15-2020","02-15-2020"
"2723","gbullant72@examplecompany.com","94","14100","03-19-2020","03-19-2020"
"3669","hdimaggiolw@examplecompany.com","242","36300","01-01-2020","01-01-2020"
"4712","jpidduck8f@examplecompany.com","242","36300","06-05-2020","06-05-2020"
"3705","bpiel4y@examplecompany.com","238","35700","11-11-2020","11-11-2020"
"1288","jellowayjk@examplecompany.com","301","45150","10-29-2020","10-29-2020"
"4841","abarrasseoc@examplecompany.com","206","30900","07-20-2020","07-20-2020"
"8520","lcolquittk6@examplecompany.com","298","44700","07-22-2020","07-22-2020"
"1977","wdulen8u@examplecompany.com","93","13950","06-08-2020","06-08-2020"
"9808","pjenke0@examplecompany.com","209","31350","10-14-2020","10-14-2020"
"3646","bwarboys82@examplecompany.com","315","47250","07-16-2020","07-16-2020"
"2238","fpechanju@examplecompany.com","281","42150","07-17-2020","07-17-2020"
"8470","rgothardm9@examplecompany.com","317","47550","06-12-2020","06-12-2020"
"8473","akingzethci@examplecompany.com","93","13950","06-12-2020","06-12-2020"
"1970","egamageli@examplecompany.com","325","48750","10-26-2020","10-26-2020"
"2579","lphebeydr@examplecompany.com","17","2550","02-18-2020","02-18-2020"
"5611","dmcgirl8w@examplecompany.com","169","25350","07-25-2020","07-25-2020"
"7952","bkulleu@examplecompany.com","218","32700","06-11-2020","06-11-2020"
"1601","lsandrypu@examplecompany.com","130","19500","03-29-2020","03-29-2020"
"7769","dlehrmannmy@examplecompany.com","259","38850","01-07-2020","01-07-2020"
"3641","zwoodlandke@examplecompany.com","233","34950","09-25-2020","09-25-2020"
"4336","adunnionpx@examplecompany.com","192","28800","11-09-2019","11-09-2019"
"3664","flutman7m@examplecompany.com","284","42600","05-22-2020","05-22-2020"
"9776","jclemes6e@examplecompany.com","124","18600","09-06-2020","09-06-2020"
"5012","cwalsterqa@examplecompany.com","89","13350","10-18-2020","10-18-2020"
"8249","hloddenef@examplecompany.com","147","22050","11-15-2019","11-15-2019"
"4790","lmithond4@examplecompany.com","316","47400","05-28-2020","05-28-2020"
"2147","hbuckstonap@examplecompany.com","171","25650","02-25-2020","02-25-2020"
"9262","lgrenkov86@examplecompany.com","219","32850","07-06-2020","07-06-2020"
"8248","hmynard11@examplecompany.com","23","3450","03-19-2020","03-19-2020"
"9877","dadamiec3x@examplecompany.com","57","8550","03-24-2020","03-24-2020"
"5796","ffinders1@examplecompany.com","312","46800","12-20-2019","12-20-2019"
"3763","rwhimpmg@examplecompany.com","262","39300","02-14-2020","02-14-2020"
"7254","tdolligonkk@examplecompany.com","164","24600","02-27-2020","02-27-2020"
"4018","rlowlessi5@examplecompany.com","60","9000","03-07-2020","03-07-2020"
"2769","ahully9y@examplecompany.com","99","14850","01-18-2020","01-18-2020"
"3167","cigod7@examplecompany.com","64","9600","05-19-2020","05-19-2020"
"1596","gbalcock46@examplecompany.com","102","15300","09-09-2020","09-09-2020"
"7904","kclelland1c@examplecompany.com","138","20700","08-26-2020","08-26-2020"
"6155","cgauchfu@examplecompany.com","23","3450","05-19-2020","05-19-2020"
"8392","jsaziocx@examplecompany.com","227","34050","08-12-2020","08-12-2020"
"5539","ceckersleydf@examplecompany.com","227","34050","01-09-2020","01-09-2020"
"7116","cheyworth5c@examplecompany.com","203","30450","12-05-2019","12-05-2019"
"5887","pknucklesaf@examplecompany.com","165","24750","10-11-2020","10-11-2020"
"2719","bbackhurstf7@examplecompany.com","178","26700","05-04-2020","05-04-2020"
"8842","lhunnywell3g@examplecompany.com","62","9300","08-06-2020","08-06-2020"
"1754","fclemintonipe@examplecompany.com","58","8700","03-13-2020","03-13-2020"
"4619","dtew5e@examplecompany.com","8","1200","05-13-2020","05-13-2020"
"3511","wmcgluegl@examplecompany.com","31","4650","12-19-2019","12-19-2019"
"2838","pshearsby7w@examplecompany.com","127","19050","11-10-2020","11-10-2020"
"2273","gcuolahan5y@examplecompany.com","240","36000","01-30-2020","01-30-2020"
"3324","lcaudellk7@examplecompany.com","250","37500","05-31-2020","05-31-2020"
"8067","rcajklerhb@examplecompany.com","233","34950","11-19-2020","11-19-2020"
"9544","earman9a@examplecompany.com","180","27000","07-21-2020","07-21-2020"
"8368","rmansonnk@examplecompany.com","68","10200","02-23-2020","02-23-2020"
"8865","jminshullcy@examplecompany.com","86","12900","06-01-2020","06-01-2020"
"7380","mwintle7a@examplecompany.com","36","5400","03-29-2020","03-29-2020"
"2609","rdraycottcw@examplecompany.com","18","2700","05-08-2020","05-08-2020"
"8687","cpridieg@examplecompany.com","328","49200","02-20-2020","02-20-2020"
"9254","cjirusek1z@examplecompany.com","305","45750","01-06-2020","01-06-2020"
"4400","rhaylesiq@examplecompany.com","211","31650","12-26-2019","12-26-2019"
"2529","amcmichan2y@examplecompany.com","165","24750","12-16-2019","12-16-2019"
"1835","bdibsdalen8@examplecompany.com","199","29850","11-15-2019","11-15-2019"
"6834","lpavitthw@examplecompany.com","84","12600","07-18-2020","07-18-2020"
"1656","tperree3v@examplecompany.com","314","47100","06-22-2020","06-22-2020"
"4671","dscroggeska@examplecompany.com","47","7050","10-24-2020","10-24-2020"
"4567","nfrancey3b@examplecompany.com","58","8700","07-18-2020","07-18-2020"
"2875","gmasdingf3@examplecompany.com","334","50100","11-19-2019","11-19-2019"
"8257","ajocelyncp@examplecompany.com","277","41550","08-27-2020","08-27-2020"
"9725","dboissieuxg1@examplecompany.com","230","34500","05-22-2020","05-22-2020"
"4693","pullyatthq@examplecompany.com","92","13800","07-19-2020","07-19-2020"
"9001","pbiggans9d@examplecompany.com","20","3000","08-19-2020","08-19-2020"
"5082","kleaming7c@examplecompany.com","309","46350","01-24-2020","01-24-2020"
"2648","hcluniem4@examplecompany.com","201","30150","05-06-2020","05-06-2020"
"8765","bsaintsbury85@examplecompany.com","94","14100","12-24-2019","12-24-2019"
"5603","jaldingtonhg@examplecompany.com","214","32100","09-17-2020","09-17-2020"
"2357","ajohnssonc9@examplecompany.com","193","28950","04-12-2020","04-12-2020"
"6217","rankrett63@examplecompany.com","266","39900","03-24-2020","03-24-2020"
"3277","ddarkinsml@examplecompany.com","76","11400","12-04-2019","12-04-2019"
"6437","pcator1o@examplecompany.com","122","18300","05-03-2020","05-03-2020"
"2892","critchley2b@examplecompany.com","347","52050","05-03-2020","05-03-2020"
"5750","lsporec5@examplecompany.com","112","16800","11-28-2020","11-28-2020"
"5413","egude94@examplecompany.com","178","26700","05-26-2020","05-26-2020"
"9745","rshipleyiv@examplecompany.com","223","33450","06-03-2020","06-03-2020"
"9139","fhubbard49@examplecompany.com","67","10050","12-12-2019","12-12-2019"
"5601","rbembrickm3@examplecompany.com","171","25650","06-26-2020","06-26-2020"
"3992","sdarracottcc@examplecompany.com","112","16800","01-01-2020","01-01-2020"
"8193","epedroccoea@examplecompany.com","35","5250","03-25-2020","03-25-2020"
"8562","fdradey7p@examplecompany.com","2","300","06-04-2020","06-04-2020"
"8220","thayesmanhh@examplecompany.com","80","12000","04-24-2020","04-24-2020"
"5515","epaulillo6p@examplecompany.com","48","7200","04-21-2020","04-21-2020"
"7730","sreubenscq@examplecompany.com","113","16950","05-28-2020","05-28-2020"
"7558","dchartres8k@examplecompany.com","122","18300","07-10-2020","07-10-2020"
"9956","chowiesonag@examplecompany.com","271","40650","06-15-2020","06-15-2020"
"1560","delstub9q@examplecompany.com","87","13050","05-15-2020","05-15-2020"
"3009","ssynkec6@examplecompany.com","40","6000","04-27-2020","04-27-2020"
"9485","twotherspoon6n@examplecompany.com","239","35850","08-14-2020","08-14-2020"
"8039","bmilammq@examplecompany.com","310","46500","11-09-2019","11-09-2019"
"2101","kcasbolt7j@examplecompany.com","152","22800","03-25-2020","03-25-2020"
"5843","wglowacki9u@examplecompany.com","57","8550","11-20-2020","11-20-2020"
